id,rotulo,ADA,GRD,KNN,NB,RF,RL,SVM
53,FALSO,0,0,0,1,0,0,0
1136,VERDADE,1,1,1,1,1,0,0
695,FALSO,0,0,0,1,0,0,0
3312,VERDADE,1,1,1,1,1,1,1
1314,VERDADE,1,1,1,1,1,1,1
3712,VERDADE,1,1,1,1,1,1,1
241,FALSO,0,0,0,0,0,0,0
3352,VERDADE,1,0,1,1,1,1,1
3618,VERDADE,1,1,0,1,1,1,1
2603,VERDADE,1,1,1,1,1,1,1
201,VERDADE,1,1,0,1,1,0,0
3603,VERDADE,1,1,1,1,1,1,1
2617,VERDADE,1,1,1,1,1,1,1
1535,VERDADE,1,1,0,1,1,1,1
541,FALSO,0,0,0,1,0,1,0
2661,FALSO,0,0,0,0,0,0,0
3182,VERDADE,1,1,0,1,1,1,1
208,VERDADE,1,1,1,1,1,0,0
1799,VERDADE,1,1,0,1,1,1,1
1089,VERDADE,1,1,1,1,1,1,1
2832,VERDADE,1,0,1,1,1,1,1
2936,VERDADE,1,1,1,1,1,1,1
1294,VERDADE,1,1,1,1,1,0,0
3873,VERDADE,1,1,1,1,1,1,1
767,VERDADE,0,1,1,1,1,1,1
1705,VERDADE,1,1,1,1,1,1,1
2197,VERDADE,1,1,1,1,1,0,0
2300,VERDADE,1,1,0,1,1,1,1
1363,VERDADE,1,1,1,1,1,1,1
2252,VERDADE,1,1,1,1,1,1,1
2472,VERDADE,1,1,0,1,1,0,0
3266,VERDADE,1,1,1,1,1,0,0
3512,VERDADE,1,0,1,1,0,0,0
3303,VERDADE,1,1,1,1,1,1,1
3322,VERDADE,1,1,1,1,1,0,0
3455,FALSO,0,0,0,1,0,0,0
142,VERDADE,1,1,1,1,1,1,1
1356,VERDADE,1,1,1,1,1,1,1
2855,VERDADE,1,1,1,1,1,1,1
3329,VERDADE,1,1,0,1,1,0,0
1134,VERDADE,1,1,1,1,1,0,0
3461,VERDADE,1,0,0,1,1,1,1
230,FALSO,0,0,0,1,0,1,0
3281,VERDADE,1,1,1,1,1,1,1
795,VERDADE,1,1,1,1,1,1,1
2446,VERDADE,1,1,1,1,1,1,1
3607,VERDADE,1,0,1,1,1,0,0
3730,VERDADE,1,1,1,1,1,0,1
1581,VERDADE,1,1,1,1,1,1,1
937,VERDADE,1,1,1,1,1,1,1
880,FALSO,0,0,0,0,0,0,0
604,VERDADE,0,1,0,1,1,1,1
1320,VERDADE,1,1,1,1,1,1,1
1583,VERDADE,1,1,1,1,1,1,1
2100,VERDADE,1,1,1,1,1,1,1
2386,VERDADE,1,0,0,1,1,0,0
2634,VERDADE,1,1,1,1,1,1,1
51,VERDADE,1,1,1,1,1,1,1
3297,VERDADE,1,1,0,1,1,1,0
3801,VERDADE,1,1,0,1,1,0,0
318,VERDADE,1,1,1,1,1,1,1
502,VERDADE,1,1,1,1,1,1,1
895,VERDADE,1,1,0,1,1,1,0
3376,FALSO,0,0,0,1,0,0,0
3528,VERDADE,1,1,1,1,1,1,1
1732,VERDADE,1,1,0,1,1,1,1
1043,VERDADE,1,1,1,1,1,1,1
1370,VERDADE,1,1,0,1,1,1,1
1440,VERDADE,1,1,1,1,1,1,1
2901,VERDADE,1,1,0,1,1,1,1
1842,FALSO,0,0,0,0,0,0,0
1484,VERDADE,1,1,0,1,1,1,1
3882,VERDADE,1,1,1,1,1,0,0
1702,FALSO,0,1,0,1,0,1,1
3113,FALSO,0,1,0,1,0,0,0
3255,FALSO,0,1,0,1,0,1,1
1450,VERDADE,1,1,0,1,1,1,1
1623,VERDADE,1,1,1,1,1,1,1
2277,VERDADE,1,1,1,1,1,1,1
2503,VERDADE,1,0,0,1,1,0,0
3746,VERDADE,1,1,1,1,1,1,1
1206,FALSO,0,0,0,1,0,0,1
894,VERDADE,1,1,1,1,1,1,1
2059,VERDADE,1,0,1,0,1,0,0
2407,VERDADE,1,1,1,1,1,1,1
3965,FALSO,0,0,0,1,0,0,0
365,VERDADE,1,1,1,1,1,1,0
1571,VERDADE,1,0,1,1,1,0,0
1956,VERDADE,1,0,0,1,1,0,0
2796,VERDADE,1,1,0,1,1,0,0
3487,FALSO,0,1,0,1,0,1,1
315,VERDADE,1,1,1,1,1,1,1
3105,VERDADE,1,1,1,1,1,1,1
3629,VERDADE,1,1,1,1,1,1,1
743,VERDADE,1,1,0,1,1,0,0
1251,VERDADE,1,1,0,1,1,1,1
1568,VERDADE,1,1,1,1,1,1,1
1707,VERDADE,1,1,0,1,1,0,1
3002,VERDADE,1,1,0,1,1,1,0
1302,FALSO,0,0,1,1,0,0,0
570,VERDADE,0,0,0,1,0,0,1
2601,VERDADE,1,0,0,1,1,1,1
2821,VERDADE,1,1,1,1,1,1,1
2979,FALSO,0,1,0,1,0,1,1
634,VERDADE,1,1,1,1,1,1,1
3223,VERDADE,1,1,1,1,1,1,1
3628,VERDADE,1,0,0,1,1,0,0
152,FALSO,0,0,0,1,0,1,1
3534,FALSO,0,0,0,1,0,0,0
1085,VERDADE,1,1,1,1,1,1,0
1161,VERDADE,1,1,0,1,1,0,1
1880,VERDADE,1,0,0,1,1,1,1
1383,FALSO,0,0,0,1,0,1,1
2644,FALSO,0,0,0,1,0,0,0
137,VERDADE,1,1,0,1,1,1,1
1802,VERDADE,1,1,1,1,1,1,0
1996,VERDADE,1,0,0,1,1,1,1
2512,VERDADE,1,1,1,1,1,1,1
1342,FALSO,0,0,0,1,0,0,0
3451,FALSO,0,1,0,1,0,1,1
3854,FALSO,0,1,0,1,0,1,1
348,VERDADE,1,1,1,1,1,1,1
3373,VERDADE,1,1,0,1,1,1,1
3578,VERDADE,0,1,0,1,1,1,1
1628,FALSO,0,0,0,1,0,0,0
1769,FALSO,0,1,0,1,0,1,1
885,VERDADE,1,1,0,1,1,1,1
3935,VERDADE,1,0,0,1,1,1,1
329,VERDADE,1,1,1,1,1,1,1
819,VERDADE,1,0,1,1,1,0,1
1078,VERDADE,1,1,1,1,1,0,0
1677,VERDADE,1,1,0,1,1,1,1
3234,VERDADE,1,1,0,1,1,0,1
1927,FALSO,0,1,0,1,0,1,1
514,VERDADE,1,0,1,1,1,1,1
620,VERDADE,0,0,0,1,0,0,0
1632,VERDADE,1,1,1,1,1,0,1
1651,VERDADE,1,1,1,1,1,0,0
2113,VERDADE,1,1,1,1,1,1,1
3054,VERDADE,1,0,0,1,1,1,1
2780,VERDADE,1,1,1,1,1,1,1
3678,VERDADE,1,1,0,1,1,0,0
39,VERDADE,1,1,0,1,1,1,1
1561,VERDADE,1,1,0,1,1,0,0
1690,VERDADE,1,0,1,1,1,0,0
128,VERDADE,1,1,0,1,1,1,1
360,VERDADE,1,1,1,1,1,1,1
612,VERDADE,1,1,1,1,1,1,0
1116,VERDADE,1,1,1,1,1,1,1
1814,VERDADE,1,1,0,1,1,1,1
1824,VERDADE,1,1,0,1,1,1,1
3977,VERDADE,1,1,1,0,1,0,0
1480,FALSO,0,0,0,1,0,0,0
238,VERDADE,1,1,1,1,1,1,1
1572,VERDADE,1,1,0,1,1,1,1
440,FALSO,0,0,1,1,0,1,1
3757,FALSO,0,1,0,1,0,1,1
481,VERDADE,1,1,1,1,1,0,0
1747,VERDADE,1,1,1,1,1,1,1
2304,VERDADE,1,1,0,1,1,0,0
956,FALSO,0,0,0,0,0,0,0
1575,FALSO,0,0,0,1,0,0,0
225,VERDADE,1,1,0,1,1,0,1
391,VERDADE,1,1,1,1,1,1,1
2375,VERDADE,1,1,1,1,1,1,1
2875,VERDADE,1,1,1,1,1,1,1
349,VERDADE,1,1,1,1,1,1,1
2588,VERDADE,1,1,1,1,1,1,1
2641,VERDADE,1,1,1,1,1,1,1
1771,FALSO,0,1,0,1,0,0,0
423,VERDADE,1,1,1,1,1,1,1
2468,VERDADE,1,1,1,1,1,1,1
1357,VERDADE,1,1,0,1,1,0,1
3860,VERDADE,1,1,1,1,1,1,1
22,FALSO,0,0,0,1,0,1,1
846,FALSO,0,0,0,1,0,0,0
1826,FALSO,0,0,0,0,0,0,0
2355,FALSO,0,0,0,1,0,0,0
79,VERDADE,1,1,1,1,1,1,1
1706,VERDADE,1,1,0,1,1,1,1
3680,VERDADE,1,1,0,1,1,1,1
3047,FALSO,0,0,0,0,0,0,0
146,VERDADE,1,1,0,1,1,1,1
951,VERDADE,1,1,1,1,1,0,0
3740,VERDADE,1,1,1,1,1,1,1
668,VERDADE,1,1,1,1,1,1,1
3822,VERDADE,1,1,1,1,1,1,1
451,VERDADE,1,1,0,1,1,1,1
1891,VERDADE,1,1,0,1,1,1,1
2629,VERDADE,1,0,0,1,1,0,0
2652,VERDADE,1,1,1,0,1,0,0
2703,VERDADE,1,1,1,1,1,1,1
690,VERDADE,1,1,1,1,1,0,1
1783,VERDADE,1,1,1,1,1,1,1
696,VERDADE,1,1,1,1,1,0,0
1162,VERDADE,1,1,1,1,1,0,0
1243,VERDADE,1,1,1,1,1,1,1
639,FALSO,0,1,0,1,0,1,0
3134,FALSO,0,0,0,0,0,0,0
96,VERDADE,1,1,1,1,1,1,1
164,VERDADE,1,0,0,1,0,0,0
1139,VERDADE,1,1,1,1,1,1,1
1230,VERDADE,1,1,1,1,1,1,1
2200,VERDADE,1,1,1,1,1,1,1
3268,VERDADE,1,1,1,1,1,1,1
977,VERDADE,1,1,1,1,1,1,1
1258,VERDADE,1,0,1,1,1,0,0
2397,VERDADE,0,0,0,1,0,0,0
2496,VERDADE,1,1,1,1,1,0,0
2854,VERDADE,1,0,1,1,1,0,0
935,FALSO,0,0,0,1,0,0,0
197,VERDADE,1,1,0,1,1,0,0
495,VERDADE,1,1,1,1,1,1,1
2746,VERDADE,1,1,1,1,1,0,0
2889,VERDADE,1,1,1,1,1,1,1
3192,VERDADE,1,0,0,1,1,0,0
3863,VERDADE,1,1,1,1,1,1,1
1255,FALSO,0,0,0,1,0,0,0
1295,FALSO,0,1,0,1,0,1,1
1389,FALSO,0,0,0,0,0,0,0
3315,FALSO,0,0,0,1,0,0,0
1150,VERDADE,1,1,0,1,1,1,1
1587,VERDADE,1,1,0,1,1,1,1
3076,VERDADE,1,1,0,1,1,1,1
3189,VERDADE,1,0,1,1,1,0,0
3335,VERDADE,1,1,0,1,1,0,0
3764,VERDADE,1,1,1,1,1,1,1
3805,VERDADE,1,0,0,1,1,0,0
593,FALSO,0,0,0,1,0,0,0
2248,FALSO,0,0,0,1,0,0,0
566,VERDADE,1,1,0,1,1,1,1
1958,VERDADE,1,1,1,1,1,1,1
2036,VERDADE,1,1,0,1,1,1,1
2500,VERDADE,1,1,1,1,1,1,1
2844,VERDADE,1,1,1,1,1,1,1
3317,VERDADE,1,1,0,1,1,1,1
205,FALSO,0,1,0,1,0,1,1
2887,FALSO,0,0,0,1,0,0,0
89,VERDADE,1,1,1,1,1,1,1
524,VERDADE,1,1,1,1,1,1,1
686,VERDADE,1,1,0,1,1,0,0
768,VERDADE,1,1,1,1,1,1,1
823,VERDADE,1,0,1,1,1,0,0
939,VERDADE,1,1,1,1,1,1,1
1042,VERDADE,1,1,1,1,1,1,1
2458,FALSO,0,0,0,1,0,0,0
1099,VERDADE,1,1,1,1,1,0,0
1491,VERDADE,1,1,1,1,1,0,1
1742,VERDADE,1,1,1,1,1,1,0
2246,VERDADE,1,1,0,1,1,1,1
3301,VERDADE,0,1,0,1,1,1,0
3952,VERDADE,1,1,0,1,1,1,1
1896,VERDADE,1,1,1,1,1,1,1
3074,VERDADE,1,1,1,1,1,1,1
1475,FALSO,0,0,0,1,0,0,0
728,VERDADE,1,1,1,1,1,1,1
2288,VERDADE,0,0,0,1,0,0,0
2767,VERDADE,1,0,0,1,1,0,0
3500,VERDADE,1,0,1,1,1,1,1
3886,VERDADE,1,1,1,1,1,1,1
3914,VERDADE,1,1,1,1,1,0,1
1152,FALSO,0,0,0,1,0,0,0
2651,FALSO,0,0,0,1,0,0,0
3244,FALSO,0,0,0,1,0,0,0
3441,FALSO,0,1,0,1,0,1,1
3667,FALSO,1,0,0,1,0,1,1
93,VERDADE,1,1,1,1,1,1,1
194,VERDADE,1,1,0,1,1,1,1
424,VERDADE,1,1,1,1,1,1,1
897,VERDADE,1,1,1,1,1,0,0
1473,VERDADE,1,1,0,1,1,0,0
1984,VERDADE,1,1,0,1,1,1,1
2524,VERDADE,1,1,0,1,1,0,1
2723,VERDADE,1,1,0,1,1,0,0
3349,VERDADE,1,1,1,1,1,1,1
3647,VERDADE,1,1,1,1,1,1,1
3770,VERDADE,1,1,0,1,1,1,1
439,FALSO,0,0,0,1,0,0,0
1532,FALSO,0,0,0,1,0,0,0
1811,FALSO,0,0,0,1,0,0,0
3446,FALSO,0,1,1,1,0,1,1
246,VERDADE,1,1,1,1,1,1,1
724,VERDADE,1,1,1,1,1,1,1
764,VERDADE,1,1,1,1,1,1,1
2910,VERDADE,1,0,1,1,1,0,0
3080,VERDADE,1,1,0,1,1,0,1
2144,FALSO,0,0,0,0,0,0,0
2485,FALSO,0,0,0,1,0,0,0
1140,VERDADE,1,1,1,1,1,1,1
1801,VERDADE,1,1,0,1,1,0,0
2560,VERDADE,1,0,0,1,1,0,0
2919,VERDADE,1,1,1,1,1,1,1
3245,VERDADE,1,1,1,1,1,1,1
2744,FALSO,0,1,0,1,0,1,1
3258,FALSO,0,0,0,1,0,0,0
50,VERDADE,1,1,1,1,1,1,1
2034,VERDADE,1,1,0,1,1,1,1
2542,VERDADE,1,1,1,1,1,1,1
3144,VERDADE,1,1,1,1,1,1,1
3912,VERDADE,1,1,0,1,1,0,0
890,FALSO,0,0,0,1,0,0,0
2235,FALSO,0,0,0,0,0,0,0
3117,FALSO,0,0,0,1,0,1,1
30,VERDADE,1,1,1,1,1,1,1
1210,VERDADE,1,1,1,1,1,0,0
1774,VERDADE,1,1,1,1,1,1,1
2679,VERDADE,1,1,0,1,1,1,1
3000,VERDADE,1,1,0,1,1,1,1
3611,VERDADE,1,1,1,1,1,1,1
2110,FALSO,0,0,0,1,0,1,1
3085,FALSO,0,0,0,1,0,0,0
3101,FALSO,0,1,1,1,1,1,1
371,VERDADE,1,0,1,1,1,0,0
821,VERDADE,1,0,1,1,1,1,0
1469,VERDADE,1,1,1,1,1,1,1
1790,VERDADE,1,1,1,1,1,1,1
2272,VERDADE,1,1,1,1,1,1,1
3094,VERDADE,1,1,1,1,1,1,1
2408,FALSO,0,0,0,1,0,0,0
2628,FALSO,0,0,0,0,0,0,0
3747,FALSO,0,0,0,1,0,0,1
452,VERDADE,1,1,0,1,1,1,1
649,VERDADE,1,1,1,1,1,1,1
1053,VERDADE,1,1,0,1,1,0,1
1074,VERDADE,1,0,1,1,1,0,0
1163,VERDADE,1,0,1,1,1,1,0
1667,VERDADE,1,1,1,1,1,0,1
2132,VERDADE,1,0,1,1,1,0,1
2145,VERDADE,1,1,1,1,1,0,0
2231,VERDADE,1,1,0,1,1,1,1
2384,VERDADE,1,0,0,1,0,0,0
3059,VERDADE,1,1,1,1,1,1,1
3170,VERDADE,1,1,0,1,1,0,0
379,FALSO,0,0,0,0,0,0,0
1022,FALSO,0,1,0,1,0,1,1
1550,FALSO,0,0,0,1,0,1,1
1981,FALSO,0,0,0,1,0,0,0
2795,FALSO,0,0,0,1,0,0,0
3155,FALSO,0,0,0,1,0,0,0
569,VERDADE,1,1,1,1,1,1,1
640,VERDADE,1,1,1,1,1,0,0
961,VERDADE,1,0,1,1,1,0,0
2298,VERDADE,1,1,1,1,1,1,1
381,FALSO,0,0,0,0,0,0,0
515,FALSO,0,0,0,1,0,0,0
587,FALSO,0,1,0,1,1,1,1
796,FALSO,0,0,0,0,0,0,0
3025,FALSO,0,0,0,1,0,1,0
43,VERDADE,1,1,1,1,1,1,1
65,VERDADE,1,0,0,1,1,0,0
240,VERDADE,1,1,0,1,1,1,1
1191,VERDADE,1,1,0,1,1,0,0
1364,VERDADE,1,1,1,1,1,1,1
2056,VERDADE,1,1,1,1,1,0,0
3046,VERDADE,1,1,1,1,1,1,1
3532,VERDADE,1,1,1,1,1,0,0
3548,VERDADE,1,1,1,1,1,1,1
827,FALSO,0,0,0,1,0,0,0
2159,FALSO,0,0,1,1,0,0,0
2706,FALSO,0,1,0,1,0,0,0
3069,FALSO,0,0,0,1,0,0,0
3586,FALSO,0,0,0,1,0,0,0
162,VERDADE,1,1,1,1,1,1,1
1083,VERDADE,1,1,1,1,1,1,1
2737,VERDADE,1,1,1,1,1,1,1
2834,VERDADE,1,1,1,1,1,1,1
671,FALSO,1,1,1,1,1,1,1
959,FALSO,0,1,0,1,0,1,1
3920,FALSO,0,0,0,1,0,0,0
350,VERDADE,1,1,0,1,1,1,1
2759,VERDADE,1,1,1,1,1,0,1
3915,VERDADE,1,1,0,1,1,1,1
2171,FALSO,0,1,0,1,0,1,0
262,VERDADE,1,1,1,1,1,1,1
609,VERDADE,1,1,1,1,1,1,1
1687,VERDADE,1,1,1,1,1,1,1
1775,VERDADE,1,1,1,1,1,1,1
1854,VERDADE,0,1,0,1,0,0,0
2431,VERDADE,1,1,1,1,1,1,1
2448,VERDADE,1,1,1,1,1,1,1
2657,VERDADE,0,0,0,1,1,1,1
2990,VERDADE,1,1,1,1,1,1,1
3585,VERDADE,1,1,0,1,1,0,0
893,FALSO,0,1,0,1,0,0,0
888,VERDADE,1,1,1,1,1,0,0
953,VERDADE,1,1,0,1,1,1,1
2758,VERDADE,1,0,0,1,1,0,0
1092,FALSO,0,1,0,1,0,0,0
3619,FALSO,0,1,1,1,0,1,1
3809,FALSO,0,0,0,1,0,0,0
708,VERDADE,1,1,1,1,1,0,0
2403,VERDADE,1,1,1,1,1,1,1
2654,VERDADE,1,1,1,1,1,0,0
404,FALSO,0,0,1,1,0,1,1
420,FALSO,0,1,0,1,0,1,1
1517,FALSO,0,0,0,1,0,0,0
1749,FALSO,0,0,0,0,0,0,0
2129,FALSO,0,0,0,1,0,0,0
3588,FALSO,0,0,0,1,0,0,0
777,VERDADE,1,1,1,1,1,1,1
986,VERDADE,1,1,0,1,1,0,0
1229,VERDADE,1,1,1,1,1,1,1
1876,VERDADE,1,0,0,1,1,0,0
2452,VERDADE,1,1,1,1,1,1,1
2928,VERDADE,1,1,1,1,1,1,1
2570,FALSO,0,0,0,1,0,0,0
2751,FALSO,0,0,0,1,0,0,0
3819,FALSO,0,0,0,1,0,0,0
3900,FALSO,0,0,0,1,0,0,0
1800,VERDADE,1,1,1,1,1,1,1
2004,VERDADE,1,0,1,1,1,0,0
3509,VERDADE,1,0,0,1,1,0,0
3700,VERDADE,1,1,0,1,1,1,1
3752,VERDADE,1,1,1,1,1,1,1
3768,VERDADE,1,1,1,1,1,1,1
3865,VERDADE,1,1,0,1,1,0,1
444,FALSO,0,1,0,1,0,1,1
1419,FALSO,0,0,0,1,0,1,1
1691,FALSO,0,1,0,1,0,1,1
1698,FALSO,0,0,0,1,0,0,1
1808,FALSO,0,0,0,1,0,0,0
2626,FALSO,0,1,1,1,0,1,1
3319,FALSO,0,0,1,1,0,0,0
567,VERDADE,1,1,0,1,1,1,1
1056,VERDADE,1,1,1,1,1,1,0
1176,VERDADE,1,1,1,1,1,1,1
1486,VERDADE,1,1,0,1,1,1,1
1551,VERDADE,1,1,0,1,1,1,1
1578,VERDADE,1,1,1,1,1,1,1
1816,VERDADE,1,1,0,1,1,1,1
2076,VERDADE,1,0,1,1,1,0,0
2345,VERDADE,1,1,1,1,1,1,1
3448,VERDADE,1,1,1,1,1,0,1
3777,VERDADE,1,1,1,1,1,1,1
995,FALSO,0,0,0,1,0,0,0
1611,FALSO,0,0,1,1,0,1,1
1902,FALSO,1,0,0,1,0,0,0
2977,FALSO,0,0,0,1,1,1,1
1172,VERDADE,1,1,1,1,1,1,1
1764,VERDADE,1,0,0,1,1,0,0
3316,VERDADE,1,1,1,1,1,1,1
3807,FALSO,0,0,0,1,0,0,0
1007,VERDADE,1,1,1,1,1,0,0
3841,VERDADE,1,1,0,1,1,1,0
245,FALSO,0,0,0,1,0,1,0
1212,FALSO,1,1,1,1,1,1,1
1263,FALSO,0,1,0,1,0,1,1
1281,FALSO,0,0,0,1,0,0,0
2662,FALSO,0,0,0,1,0,0,0
2672,FALSO,0,0,0,0,0,0,0
2986,FALSO,0,0,0,1,0,1,1
3435,FALSO,0,0,0,1,0,1,1
3511,FALSO,0,0,0,1,0,0,0
120,VERDADE,1,0,0,1,1,0,0
127,VERDADE,1,1,1,1,1,1,1
2290,VERDADE,1,0,0,1,1,0,0
2322,VERDADE,1,1,1,1,1,1,1
3284,VERDADE,1,1,1,1,1,0,1
3662,VERDADE,1,0,1,1,1,0,0
1071,FALSO,0,0,0,1,0,1,1
1518,FALSO,0,0,0,1,0,0,1
1906,FALSO,0,0,0,1,0,1,1
158,VERDADE,1,0,0,1,1,0,0
736,VERDADE,1,0,1,1,1,1,1
923,VERDADE,1,0,0,1,1,0,0
2429,VERDADE,1,1,0,1,1,1,1
3483,VERDADE,1,0,0,1,1,0,0
692,FALSO,0,0,0,1,0,0,0
1497,FALSO,1,1,0,1,1,0,0
1588,FALSO,0,1,0,1,0,1,1
2167,FALSO,0,0,0,0,0,0,0
2897,FALSO,0,1,0,1,0,1,1
3022,FALSO,0,0,1,1,0,1,1
3033,FALSO,0,0,0,1,0,1,1
288,VERDADE,1,1,1,1,1,1,1
529,VERDADE,1,1,1,1,1,1,1
1202,VERDADE,1,0,0,1,1,0,0
1944,VERDADE,1,1,1,1,1,1,1
2047,VERDADE,1,1,1,1,1,0,0
3598,VERDADE,1,1,1,1,1,0,0
3861,VERDADE,1,1,1,1,1,1,1
380,FALSO,0,0,0,1,0,0,0
549,VERDADE,1,0,1,1,0,0,0
613,VERDADE,1,1,1,1,1,1,1
706,VERDADE,1,1,1,1,1,1,1
1979,VERDADE,1,1,1,0,1,0,0
2346,VERDADE,1,1,1,1,1,1,1
2555,VERDADE,1,1,1,1,1,1,1
3016,VERDADE,1,0,1,1,1,0,0
3722,VERDADE,1,1,1,1,1,0,0
231,FALSO,0,0,0,0,0,0,0
3679,FALSO,0,0,0,1,0,0,0
3893,FALSO,0,0,0,1,0,0,0
683,VERDADE,1,1,1,1,1,1,1
754,VERDADE,1,1,1,1,1,1,1
818,VERDADE,1,1,1,1,1,1,1
898,VERDADE,1,1,1,1,1,1,1
990,VERDADE,1,1,1,1,1,1,1
1417,VERDADE,1,1,1,1,1,1,1
1721,VERDADE,1,1,1,1,1,1,1
3325,VERDADE,1,0,0,1,1,1,1
1416,FALSO,0,0,0,1,0,0,0
2210,FALSO,0,0,0,1,0,0,0
2625,FALSO,0,0,0,1,0,0,0
363,VERDADE,1,1,1,1,1,1,1
681,VERDADE,1,1,1,1,1,1,1
899,VERDADE,1,1,1,1,1,0,0
1432,VERDADE,1,1,1,1,1,1,1
1759,VERDADE,1,0,1,1,1,0,0
1777,VERDADE,1,1,1,1,1,1,1
1787,VERDADE,1,1,1,1,1,1,1
2269,VERDADE,1,0,0,1,1,0,0
2642,VERDADE,1,1,1,1,1,1,1
3227,VERDADE,1,1,1,1,1,0,0
170,FALSO,0,0,0,0,0,0,0
2568,FALSO,0,0,1,1,0,1,1
463,VERDADE,1,1,1,0,1,0,0
1228,VERDADE,1,1,1,1,1,1,1
1727,VERDADE,1,1,0,1,1,0,0
1765,VERDADE,1,1,0,1,1,1,1
2271,VERDADE,1,1,1,1,1,1,1
2685,VERDADE,1,1,1,1,1,1,1
3049,VERDADE,1,1,1,1,1,1,1
214,FALSO,0,1,0,1,0,1,1
1122,FALSO,0,0,0,1,0,0,0
1269,FALSO,0,0,0,0,0,0,0
1922,FALSO,0,0,0,1,0,0,0
2954,FALSO,0,0,0,1,0,0,0
3241,FALSO,0,0,0,1,0,1,0
3543,FALSO,0,0,0,1,0,0,0
1998,VERDADE,1,1,1,1,1,0,0
2337,VERDADE,1,1,1,1,1,0,0
550,FALSO,0,0,0,1,0,0,0
907,FALSO,0,1,0,1,0,1,1
1094,FALSO,0,0,0,1,0,0,0
1832,FALSO,0,1,0,1,0,1,1
3641,FALSO,0,0,0,1,0,0,0
1261,VERDADE,1,1,1,1,1,1,1
1467,VERDADE,1,1,0,1,1,1,1
1850,VERDADE,1,1,1,1,1,1,1
3411,VERDADE,1,1,1,1,1,1,1
3726,VERDADE,1,1,1,1,1,1,1
314,FALSO,0,1,0,1,1,1,1
1118,FALSO,0,0,1,1,0,0,0
1337,FALSO,0,0,0,1,0,1,1
1397,FALSO,0,0,0,1,0,0,0
1825,FALSO,0,0,0,1,0,1,1
2261,FALSO,0,0,1,1,0,0,0
3108,FALSO,0,0,0,1,0,0,0
325,VERDADE,1,1,1,1,1,1,1
441,VERDADE,1,1,0,1,1,1,1
1946,VERDADE,1,1,1,1,1,1,1
2824,VERDADE,1,1,1,1,1,1,1
3079,VERDADE,1,1,1,1,1,0,0
3928,VERDADE,1,1,1,1,1,0,1
1840,FALSO,0,1,0,1,0,1,0
3514,FALSO,0,1,0,1,0,1,1
3652,FALSO,0,0,0,1,0,0,0
1516,VERDADE,1,1,1,1,1,0,1
1913,VERDADE,1,1,0,1,1,1,1
1980,VERDADE,1,0,1,1,1,0,0
3142,VERDADE,1,1,1,1,1,1,1
3490,VERDADE,1,1,0,1,1,0,0
2915,FALSO,0,0,0,1,0,1,1
3536,FALSO,0,0,0,1,0,1,1
1041,VERDADE,1,1,1,1,1,1,0
1279,VERDADE,1,0,1,1,1,0,0
1376,VERDADE,1,1,1,1,1,1,1
2587,VERDADE,1,1,1,1,1,1,1
3003,VERDADE,1,1,1,1,1,1,1
3499,VERDADE,1,1,1,1,1,1,1
270,FALSO,0,0,0,1,0,0,1
798,FALSO,0,0,1,1,0,0,0
814,FALSO,0,0,0,1,0,1,1
1562,FALSO,0,0,0,1,0,0,0
2514,FALSO,0,0,0,1,0,1,1
3729,FALSO,0,1,0,1,0,1,1
532,VERDADE,1,1,1,0,1,1,1
1124,VERDADE,1,1,1,1,1,0,0
1616,VERDADE,1,1,0,1,1,1,1
2163,VERDADE,1,1,1,1,1,1,0
3408,VERDADE,1,1,1,1,1,1,1
1272,FALSO,0,0,0,1,0,1,0
1360,FALSO,0,0,0,1,0,0,0
2709,FALSO,0,0,0,1,0,1,1
3035,FALSO,0,0,0,1,0,0,0
981,VERDADE,1,1,1,1,1,0,1
1633,VERDADE,0,0,0,1,0,0,0
1640,VERDADE,1,1,0,1,1,1,1
2027,VERDADE,1,1,0,1,1,1,1
2318,VERDADE,1,1,1,1,1,1,1
3365,VERDADE,1,1,1,1,1,1,1
749,FALSO,0,0,1,1,0,1,0
912,FALSO,0,1,0,1,0,1,1
1331,FALSO,0,0,0,1,0,0,0
3267,FALSO,0,0,0,1,0,0,0
3361,FALSO,0,0,0,0,0,0,0
3495,FALSO,0,1,0,1,0,1,1
3960,FALSO,0,0,0,1,0,0,0
88,VERDADE,1,1,1,1,1,0,1
520,VERDADE,1,1,1,1,1,0,1
1384,VERDADE,1,1,1,1,1,1,1
2224,VERDADE,1,1,1,1,1,1,1
2371,VERDADE,1,1,1,1,1,1,1
2596,VERDADE,1,1,1,1,1,0,1
2816,VERDADE,1,0,0,1,1,0,1
2945,VERDADE,1,0,1,1,1,0,0
3216,VERDADE,0,0,0,1,0,0,0
3318,VERDADE,1,1,1,1,1,1,1
3833,VERDADE,1,1,0,1,1,1,1
167,FALSO,0,1,0,1,0,0,0
213,FALSO,0,0,1,1,0,0,0
355,FALSO,0,0,0,1,0,0,0
1395,FALSO,0,0,0,0,0,1,1
2267,FALSO,0,0,0,0,0,0,0
3092,FALSO,0,0,1,1,0,1,1
176,VERDADE,1,1,1,1,1,0,0
368,VERDADE,1,1,1,1,1,1,0
504,VERDADE,1,1,1,1,1,1,1
834,VERDADE,1,1,1,1,1,0,0
2258,VERDADE,1,1,0,1,1,1,1
3306,VERDADE,1,1,1,1,1,1,1
188,FALSO,0,0,0,1,0,0,0
283,FALSO,0,0,0,1,0,1,0
3581,FALSO,0,0,0,1,0,0,0
3967,FALSO,0,0,0,1,0,0,0
58,VERDADE,1,1,0,1,1,0,0
1830,VERDADE,1,0,0,1,1,0,0
1951,VERDADE,1,1,1,1,1,1,1
2196,VERDADE,1,1,1,1,1,1,1
2432,VERDADE,1,1,0,1,1,1,1
2879,VERDADE,1,1,1,1,1,1,1
3107,VERDADE,1,1,1,1,1,1,1
3159,VERDADE,1,1,1,1,1,1,1
3424,VERDADE,1,1,1,1,1,0,0
3480,VERDADE,1,1,1,1,1,1,1
773,FALSO,1,1,0,1,1,1,1
1189,FALSO,0,0,1,1,0,1,1
1292,FALSO,0,0,1,1,0,0,0
1866,FALSO,0,0,0,1,0,1,1
2515,FALSO,0,0,0,1,0,1,1
2543,FALSO,0,0,0,1,0,0,0
166,VERDADE,1,1,0,1,1,0,0
682,VERDADE,0,0,0,0,0,0,0
1086,VERDADE,1,1,1,1,1,1,1
2042,VERDADE,1,1,1,1,1,1,1
3019,VERDADE,1,1,1,1,1,1,1
3273,VERDADE,1,1,1,1,1,1,1
100,FALSO,0,0,1,0,0,0,0
302,FALSO,0,0,0,1,0,0,0
418,FALSO,0,0,1,1,0,0,0
1001,FALSO,0,0,0,1,0,0,0
1267,FALSO,1,0,1,1,1,0,0
3013,FALSO,0,0,0,1,0,1,1
3488,FALSO,0,0,0,1,0,0,0
3847,FALSO,0,0,0,1,0,0,0
6,VERDADE,1,1,0,1,1,1,1
183,VERDADE,1,1,1,1,1,1,1
1101,VERDADE,1,1,1,1,1,1,1
1752,VERDADE,1,1,0,1,1,1,1
1761,VERDADE,1,1,1,1,1,1,1
501,FALSO,0,0,0,1,0,0,0
1296,FALSO,0,0,0,1,0,0,0
1508,FALSO,0,0,0,0,0,0,0
2813,FALSO,0,0,0,1,0,0,0
3052,FALSO,0,0,0,1,0,0,0
3078,FALSO,0,1,1,1,0,1,1
3135,FALSO,0,0,0,0,0,0,0
3766,FALSO,0,0,0,1,0,0,0
284,VERDADE,1,1,1,1,1,1,1
607,VERDADE,1,1,1,1,1,0,1
1091,VERDADE,1,1,1,1,1,1,1
2127,VERDADE,1,1,1,1,1,1,1
2133,VERDADE,1,0,0,0,1,0,0
2239,VERDADE,1,0,0,1,1,0,0
2260,VERDADE,1,1,1,1,1,1,1
2378,VERDADE,1,1,1,1,1,0,1
2833,VERDADE,1,1,1,1,1,1,1
2843,VERDADE,1,1,1,1,1,1,1
3814,VERDADE,1,1,0,0,1,0,1
3955,VERDADE,1,0,1,1,1,1,1
1154,FALSO,0,1,0,1,0,1,0
2215,FALSO,0,1,1,1,0,1,1
3346,FALSO,0,0,0,1,0,0,1
3393,FALSO,0,0,0,0,0,0,0
82,VERDADE,1,1,1,1,1,1,1
740,VERDADE,1,1,1,1,1,1,1
926,VERDADE,1,1,0,1,1,1,1
1159,VERDADE,1,1,1,1,1,0,1
1308,VERDADE,1,1,1,1,1,1,1
1619,VERDADE,1,1,1,1,1,1,1
2777,VERDADE,1,1,1,1,1,1,1
3140,VERDADE,1,1,1,1,1,1,1
3229,VERDADE,1,1,1,1,1,1,1
2094,FALSO,0,0,0,1,0,0,0
2320,FALSO,0,1,0,1,0,1,1
2566,FALSO,0,0,1,1,0,0,0
3067,FALSO,1,0,0,0,0,0,0
408,VERDADE,1,1,1,1,1,1,0
1035,VERDADE,1,0,1,1,1,0,0
1054,VERDADE,1,1,0,1,1,1,1
1477,VERDADE,1,1,1,0,1,0,0
1499,VERDADE,1,0,0,1,1,0,0
1656,VERDADE,1,1,1,1,1,1,1
2791,VERDADE,0,0,0,1,0,0,0
352,FALSO,0,0,1,0,0,0,0
577,FALSO,0,0,0,0,0,0,0
886,FALSO,0,0,0,1,0,0,0
1029,FALSO,0,1,0,1,0,1,1
1247,FALSO,0,0,0,0,0,0,0
2064,FALSO,0,0,0,1,0,0,0
2147,FALSO,0,0,0,1,0,1,1
2905,FALSO,0,1,1,1,0,1,1
2935,FALSO,0,0,0,0,0,0,0
3120,FALSO,0,0,0,1,0,0,0
3402,FALSO,0,0,0,1,0,1,1
3574,FALSO,0,1,1,1,0,1,1
3642,FALSO,0,1,0,1,0,0,1
3,VERDADE,1,1,1,1,1,1,1
226,VERDADE,1,1,1,1,1,1,1
553,VERDADE,1,1,0,1,1,1,1
865,VERDADE,1,1,0,1,1,0,0
2228,VERDADE,1,0,1,1,1,0,0
2712,VERDADE,1,1,0,1,1,1,1
3378,VERDADE,1,1,1,1,1,1,1
449,FALSO,0,0,0,1,0,0,0
650,FALSO,0,0,0,1,0,0,0
1718,FALSO,0,0,0,1,0,0,0
2523,FALSO,0,0,0,0,0,0,0
2658,FALSO,0,1,0,1,0,1,1
3394,FALSO,1,1,1,1,1,0,0
3566,FALSO,0,0,1,0,0,0,0
31,VERDADE,1,1,1,1,1,1,1
311,VERDADE,1,1,1,1,1,0,0
332,VERDADE,1,1,1,1,1,1,1
576,VERDADE,1,1,1,1,1,1,1
1073,VERDADE,1,1,1,1,1,1,1
1117,VERDADE,1,1,1,1,1,0,0
1120,VERDADE,1,1,1,1,1,1,1
1442,VERDADE,0,1,1,1,1,1,1
1537,VERDADE,1,1,1,1,1,1,1
1674,VERDADE,1,1,1,1,1,1,1
1967,VERDADE,1,1,1,1,1,1,0
2776,VERDADE,1,1,1,1,1,1,1
3220,VERDADE,1,1,1,0,1,0,0
3246,VERDADE,1,1,0,1,1,0,0
3933,VERDADE,1,0,1,1,1,0,0
3958,VERDADE,1,1,0,0,1,0,0
535,FALSO,0,0,0,0,0,0,0
2022,FALSO,0,0,0,1,0,1,0
2255,FALSO,0,0,0,1,0,0,0
2365,FALSO,0,1,0,1,0,1,1
131,VERDADE,1,1,1,1,1,0,1
1049,VERDADE,1,0,0,1,1,0,0
1345,VERDADE,1,1,1,1,1,1,1
1661,VERDADE,1,1,1,1,1,1,1
2409,VERDADE,1,1,1,1,1,1,1
2557,VERDADE,1,1,1,1,1,1,0
3077,VERDADE,1,0,1,1,1,0,0
3096,VERDADE,1,1,1,1,1,1,1
3516,VERDADE,1,1,1,1,1,1,0
624,FALSO,0,0,0,1,0,0,0
931,FALSO,0,0,0,1,0,1,1
2466,FALSO,0,0,0,1,0,0,0
2923,FALSO,0,0,0,1,0,0,0
3674,FALSO,0,0,0,1,0,0,1
42,VERDADE,1,1,1,1,1,1,1
547,VERDADE,1,1,1,1,1,1,1
571,VERDADE,1,1,1,1,1,1,1
788,VERDADE,1,1,1,1,1,0,1
1490,VERDADE,1,1,1,1,1,1,1
2460,VERDADE,1,1,1,1,1,0,1
2615,VERDADE,1,1,0,1,1,0,1
3391,VERDADE,1,1,1,1,1,0,1
3612,VERDADE,1,1,1,1,1,1,0
3858,VERDADE,1,1,1,1,1,1,1
179,FALSO,0,0,0,1,0,0,0
1033,FALSO,0,1,0,1,0,0,0
1653,FALSO,0,0,0,1,0,0,0
2208,FALSO,0,1,0,1,0,1,1
2398,FALSO,0,0,0,1,0,0,0
2461,FALSO,0,0,0,1,0,0,0
3082,FALSO,0,1,1,1,0,0,0
3339,FALSO,0,0,0,1,0,0,0
3549,FALSO,0,0,0,0,0,0,0
3651,FALSO,0,1,0,1,0,1,1
54,VERDADE,1,1,1,1,1,1,1
590,VERDADE,1,1,1,1,1,1,1
828,VERDADE,1,1,1,1,1,0,0
1737,VERDADE,1,1,1,1,1,1,1
228,FALSO,0,0,0,1,0,1,1
538,FALSO,0,0,0,1,0,0,0
925,FALSO,0,0,1,1,0,0,0
2105,FALSO,0,0,0,1,0,1,1
3060,FALSO,0,1,0,1,0,1,1
3154,FALSO,0,0,0,1,0,0,0
3344,FALSO,0,1,0,1,0,1,1
3399,FALSO,0,0,0,1,0,0,0
3806,FALSO,0,0,1,1,0,0,0
403,VERDADE,1,1,1,1,1,1,1
850,VERDADE,1,1,0,1,1,1,1
870,VERDADE,1,1,1,1,1,1,1
2011,VERDADE,1,1,0,1,1,1,1
2554,VERDADE,1,1,1,1,1,1,1
2738,VERDADE,1,1,1,1,1,1,1
2762,VERDADE,1,1,1,1,1,1,1
2978,VERDADE,1,1,0,1,1,1,1
3926,VERDADE,1,1,1,1,1,1,1
3948,VERDADE,1,1,1,1,1,1,1
471,FALSO,0,0,0,0,0,0,0
982,FALSO,0,0,0,1,0,0,0
1181,FALSO,0,0,0,0,0,0,0
1910,FALSO,0,1,0,1,0,1,1
2083,FALSO,0,1,0,1,0,0,0
2731,FALSO,0,0,0,1,0,0,0
3132,FALSO,0,0,0,1,0,0,0
3207,FALSO,0,0,0,1,0,0,0
3407,FALSO,0,1,0,1,0,1,1
196,VERDADE,1,1,1,1,1,1,1
860,VERDADE,1,1,1,1,1,1,1
1646,VERDADE,1,0,1,1,1,1,1
2885,VERDADE,1,1,1,1,1,1,0
119,FALSO,0,0,0,0,0,0,0
659,FALSO,0,0,0,0,0,0,0
1738,FALSO,0,0,0,1,0,0,1
1776,FALSO,0,1,0,1,0,0,1
1796,FALSO,0,1,0,1,0,1,1
2529,FALSO,0,0,0,1,0,1,1
2969,FALSO,0,0,0,1,0,0,0
3253,FALSO,0,0,0,0,0,0,0
3288,FALSO,0,0,0,1,0,1,0
3447,FALSO,0,1,0,1,0,1,1
276,VERDADE,1,1,1,1,1,1,0
940,VERDADE,1,1,1,1,1,1,1
1061,VERDADE,1,1,1,1,1,1,1
1675,VERDADE,1,1,1,1,1,1,1
1818,VERDADE,1,1,1,1,1,1,1
2026,VERDADE,1,1,1,1,1,1,1
2148,VERDADE,1,1,1,1,1,1,1
3091,VERDADE,1,1,0,1,1,1,0
3473,VERDADE,1,1,1,1,1,1,1
130,FALSO,0,0,0,1,0,1,0
358,FALSO,0,0,0,1,0,0,0
962,FALSO,0,0,0,1,0,1,1
1379,FALSO,0,1,0,1,0,0,0
1900,FALSO,0,0,0,0,0,0,0
2098,FALSO,0,1,0,1,0,1,1
2785,FALSO,0,0,0,0,0,0,0
3178,FALSO,0,1,1,1,0,1,1
3708,FALSO,0,1,1,1,0,1,1
3718,FALSO,0,0,0,1,0,1,1
3950,FALSO,0,0,0,0,0,0,0
1236,VERDADE,1,1,1,1,1,1,1
1678,VERDADE,1,0,1,1,1,0,0
2454,VERDADE,1,1,1,1,1,1,1
2623,VERDADE,1,1,1,1,1,0,0
3824,VERDADE,1,1,1,1,1,1,1
3828,VERDADE,1,0,1,1,1,0,0
3856,VERDADE,1,1,0,0,1,0,0
48,FALSO,0,0,0,1,0,1,1
109,FALSO,0,0,0,1,0,0,0
469,FALSO,0,0,0,1,0,0,0
1182,FALSO,0,0,0,1,0,1,1
1221,FALSO,0,0,0,1,0,1,0
1286,FALSO,0,0,1,1,0,1,1
2393,FALSO,0,0,0,1,0,0,0
2546,FALSO,1,1,1,1,1,1,1
2918,FALSO,0,0,0,1,0,0,0
3489,FALSO,0,0,0,1,0,0,0
3735,FALSO,0,0,0,0,0,0,0
3788,FALSO,0,0,0,1,0,0,1
1079,VERDADE,1,1,1,1,1,1,1
1564,VERDADE,1,1,1,1,1,0,0
1833,VERDADE,1,1,1,1,1,0,0
1897,VERDADE,1,1,1,1,1,1,0
3409,VERDADE,1,1,1,1,1,1,1
3541,VERDADE,1,1,0,0,1,0,0
3867,VERDADE,0,1,1,1,1,0,1
220,FALSO,0,1,0,1,0,1,1
952,FALSO,0,0,0,1,0,0,0
1297,FALSO,0,0,0,1,0,1,1
1647,FALSO,0,0,1,1,0,1,1
2401,FALSO,0,0,0,0,0,1,1
2783,FALSO,0,1,0,1,0,0,0
2851,FALSO,0,0,0,1,0,0,0
2929,FALSO,0,0,0,1,0,0,1
3403,FALSO,0,0,0,1,0,1,1
3707,FALSO,0,0,0,0,0,0,0
3901,FALSO,0,0,0,1,0,0,0
143,VERDADE,1,1,0,1,1,1,1
751,VERDADE,1,1,1,1,1,1,1
1560,VERDADE,1,1,1,1,1,0,0
1584,VERDADE,1,1,1,1,1,0,1
1810,VERDADE,1,1,1,1,1,1,1
2166,VERDADE,1,1,0,1,1,1,1
2784,VERDADE,1,0,1,1,1,0,0
2800,VERDADE,1,1,1,1,1,1,1
3656,VERDADE,1,1,1,1,1,1,1
3658,VERDADE,1,1,1,1,1,1,1
3687,VERDADE,1,1,1,1,1,1,1
3937,VERDADE,1,1,0,1,1,1,1
3978,VERDADE,1,1,1,1,1,1,1
144,FALSO,0,0,0,1,0,1,1
293,FALSO,0,1,0,1,0,1,1
738,FALSO,0,0,1,1,0,0,0
750,FALSO,0,0,0,1,0,0,0
836,FALSO,0,1,1,1,0,1,1
1198,FALSO,0,0,0,1,0,0,0
2237,FALSO,0,1,0,1,0,1,1
2506,FALSO,0,0,0,1,0,0,0
3438,FALSO,0,0,0,1,0,1,0
63,VERDADE,1,1,1,1,1,1,1
296,VERDADE,1,1,0,1,1,0,0
342,VERDADE,1,1,1,0,1,1,1
437,VERDADE,1,1,1,1,1,1,0
983,VERDADE,1,0,0,1,1,1,1
1072,VERDADE,1,1,1,1,1,1,1
1485,VERDADE,1,1,1,1,1,1,1
1915,VERDADE,1,1,0,1,1,1,1
2694,VERDADE,1,1,1,1,1,1,1
2989,VERDADE,1,1,1,1,1,1,1
3004,VERDADE,1,1,0,1,1,1,1
3959,VERDADE,1,1,0,1,1,1,1
15,FALSO,0,1,1,1,0,1,1
653,FALSO,0,0,0,1,0,1,1
741,FALSO,0,0,1,1,0,0,0
932,FALSO,0,0,0,1,0,0,0
1216,FALSO,0,0,0,1,0,1,0
1304,FALSO,0,0,1,0,0,0,0
1402,FALSO,0,0,0,1,0,0,1
1468,FALSO,0,0,0,1,0,1,1
1501,FALSO,0,1,1,1,0,1,1
1989,FALSO,0,1,0,1,0,0,0
2677,FALSO,0,0,0,1,0,0,0
2732,FALSO,0,1,1,1,0,1,1
2975,FALSO,0,1,0,1,0,1,1
3343,FALSO,0,0,0,1,0,0,0
412,VERDADE,1,1,0,1,1,1,1
675,VERDADE,1,1,1,1,1,1,1
2273,VERDADE,1,0,1,1,1,0,0
2310,VERDADE,1,1,1,1,1,1,1
3061,VERDADE,1,1,1,1,1,1,1
3073,VERDADE,1,1,1,1,1,1,1
3202,VERDADE,1,1,1,1,1,1,1
3443,VERDADE,1,1,0,1,1,0,0
3560,VERDADE,1,1,1,1,1,1,1
3895,VERDADE,1,1,1,1,1,0,1
511,FALSO,0,0,0,0,0,1,1
877,FALSO,0,1,0,1,0,1,1
1349,FALSO,0,0,0,1,0,0,0
1528,FALSO,0,0,0,1,0,1,0
3282,FALSO,0,0,0,1,0,0,0
3465,FALSO,0,0,0,1,0,0,0
3540,FALSO,1,1,1,1,0,0,0
3637,FALSO,0,0,0,1,0,0,0
3682,FALSO,0,1,0,1,0,1,1
3756,FALSO,0,1,0,1,0,1,1
223,VERDADE,1,1,0,1,1,1,1
759,VERDADE,1,0,1,1,1,0,0
1108,VERDADE,1,1,1,1,1,1,1
1507,VERDADE,1,1,1,1,1,1,0
2660,VERDADE,1,1,1,1,1,1,1
3694,VERDADE,1,1,1,1,1,0,1
3907,VERDADE,1,1,0,1,1,0,1
113,FALSO,0,0,0,1,0,0,0
710,FALSO,0,0,0,1,0,0,0
746,FALSO,0,0,0,1,0,0,0
1949,FALSO,0,0,0,1,0,0,1
2185,FALSO,0,0,0,1,0,0,1
2213,FALSO,0,1,0,1,0,1,1
2266,FALSO,0,0,0,1,0,1,1
2424,FALSO,0,0,0,1,0,0,0
2665,FALSO,0,0,0,1,0,0,0
3743,FALSO,0,0,0,1,0,1,1
3987,FALSO,0,0,0,1,0,0,0
103,VERDADE,1,1,0,1,1,1,1
1190,VERDADE,1,1,0,1,1,1,1
1366,VERDADE,1,1,1,1,1,1,1
1736,VERDADE,1,1,1,1,1,1,1
1952,VERDADE,1,1,1,1,1,1,1
2240,VERDADE,1,1,1,1,1,0,0
2480,VERDADE,1,1,1,1,1,1,1
2940,VERDADE,1,1,1,1,1,1,1
2948,VERDADE,1,1,1,1,1,1,1
3211,VERDADE,1,1,1,1,1,1,1
3909,VERDADE,1,1,0,1,1,1,1
3989,VERDADE,1,1,1,1,1,1,1
320,FALSO,0,1,0,1,0,1,1
688,FALSO,0,1,0,1,1,1,1
941,FALSO,0,0,0,1,0,1,1
1050,FALSO,0,0,0,1,0,1,1
1249,FALSO,0,0,1,1,0,1,0
